[
    {
        "employee_id": 2,
        "department_name": "Engineering",
        "category": "Equipment",
        "amount": 4600,
        "timestamp": 1680010123.4513555
    },
    {
        "employee_id": 2,
        "department_name": "Engineering",
        "category": "Transportation",
        "amount": 380,
        "timestamp": 1678010123.4513555
    },
    {
        "employee_id": 2,
        "department_name": "Engineering",
        "category": "Equipment",
        "amount": 300,
        "timestamp": 1681740712.117345
    },
    {
        "employee_id": 4,
        "department_name": "Development",
        "category": "Equipment",
        "amount": 1200,
        "timestamp": 1681740712.117345
    }
]